Method;Job;AnalyzeLaunchVariance;EvaluateOverhead;MaxAbsoluteError;MaxRelativeError;MinInvokeCount;MinIterationTime;OutlierMode;Affinity;EnvironmentVariables;Jit;LargeAddressAware;Platform;PowerPlanMode;Runtime;AllowVeryLargeObjects;Concurrent;CpuGroups;Force;HeapAffinitizeMask;HeapCount;NoAffinitize;RetainVm;Server;Arguments;BuildConfiguration;Clock;EngineFactory;NuGetReferences;Toolchain;IsMutator;InvocationCount;IterationCount;IterationTime;LaunchCount;MaxIterationCount;MaxWarmupIterationCount;MemoryRandomization;MinIterationCount;MinWarmupIterationCount;RunStrategy;UnrollFactor;WarmupCount;DriverCount;Mean;Error;StdDev;Ratio;RatioSD;Rank;Gen0;Gen1;Gen2;Allocated;Alloc Ratio
'Приоритетный выбор';DefaultJob;False;Default;Default;Default;Default;Default;Default;1111111111111111;Empty;RyuJit;Default;X64;8c5e7fda-e8bf-4a96-9a85-a6e23a8c635c;.NET 6.0;False;False;False;True;Default;Default;False;False;False;Default;Default;Default;Default;Default;Default;Default;Default;Default;Default;Default;Default;Default;Default;Default;Default;Default;16;Default;1000;7.104 μs;0.1169 μs;0.1093 μs;0.15;0.00;1;0.0229;0.0000;0.0000;472 B;0.01
'Линейный поиск';DefaultJob;False;Default;Default;Default;Default;Default;Default;1111111111111111;Empty;RyuJit;Default;X64;8c5e7fda-e8bf-4a96-9a85-a6e23a8c635c;.NET 6.0;False;False;False;True;Default;Default;False;False;False;Default;Default;Default;Default;Default;Default;Default;Default;Default;Default;Default;Default;Default;Default;Default;Default;Default;16;Default;1000;48.188 μs;0.7326 μs;0.6853 μs;1.00;0.02;2;1.9531;0.0610;0.0000;33152 B;1.00
'Поиск по радиусу';DefaultJob;False;Default;Default;Default;Default;Default;Default;1111111111111111;Empty;RyuJit;Default;X64;8c5e7fda-e8bf-4a96-9a85-a6e23a8c635c;.NET 6.0;False;False;False;True;Default;Default;False;False;False;Default;Default;Default;Default;Default;Default;Default;Default;Default;Default;Default;Default;Default;Default;Default;Default;Default;16;Default;1000;101.273 μs;1.2882 μs;1.2050 μs;2.10;0.04;3;0.1221;0.0000;0.0000;4016 B;0.12
'Приоритетный выбор';DefaultJob;False;Default;Default;Default;Default;Default;Default;1111111111111111;Empty;RyuJit;Default;X64;8c5e7fda-e8bf-4a96-9a85-a6e23a8c635c;.NET 6.0;False;False;False;True;Default;Default;False;False;False;Default;Default;Default;Default;Default;Default;Default;Default;Default;Default;Default;Default;Default;Default;Default;Default;Default;16;Default;10000;69.095 μs;0.8846 μs;0.7387 μs;0.06;0.00;1;0.0000;0.0000;0.0000;472 B;0.001
'Поиск по радиусу';DefaultJob;False;Default;Default;Default;Default;Default;Default;1111111111111111;Empty;RyuJit;Default;X64;8c5e7fda-e8bf-4a96-9a85-a6e23a8c635c;.NET 6.0;False;False;False;True;Default;Default;False;False;False;Default;Default;Default;Default;Default;Default;Default;Default;Default;Default;Default;Default;Default;Default;Default;Default;Default;16;Default;10000;394.835 μs;7.8441 μs;18.4896 μs;0.35;0.02;2;0.0000;0.0000;0.0000;1808 B;0.003
'Линейный поиск';DefaultJob;False;Default;Default;Default;Default;Default;Default;1111111111111111;Empty;RyuJit;Default;X64;8c5e7fda-e8bf-4a96-9a85-a6e23a8c635c;.NET 6.0;False;False;False;True;Default;Default;False;False;False;Default;Default;Default;Default;Default;Default;Default;Default;Default;Default;Default;Default;Default;Default;Default;Default;Default;16;Default;10000;"1,135.780 μs";18.8324 μs;17.6158 μs;1.00;0.02;3;123.0469;123.0469;123.0469;524809 B;1.000
'Приоритетный выбор';DefaultJob;False;Default;Default;Default;Default;Default;Default;1111111111111111;Empty;RyuJit;Default;X64;8c5e7fda-e8bf-4a96-9a85-a6e23a8c635c;.NET 6.0;False;False;False;True;Default;Default;False;False;False;Default;Default;Default;Default;Default;Default;Default;Default;Default;Default;Default;Default;Default;Default;Default;Default;Default;16;Default;100000;701.640 μs;7.0373 μs;6.5827 μs;0.05;0.00;1;0.0000;0.0000;0.0000;472 B;0.000
'Поиск по радиусу';DefaultJob;False;Default;Default;Default;Default;Default;Default;1111111111111111;Empty;RyuJit;Default;X64;8c5e7fda-e8bf-4a96-9a85-a6e23a8c635c;.NET 6.0;False;False;False;True;Default;Default;False;False;False;Default;Default;Default;Default;Default;Default;Default;Default;Default;Default;Default;Default;Default;Default;Default;Default;Default;16;Default;100000;"3,520.264 μs";24.1660 μs;22.6049 μs;0.25;0.00;2;0.0000;0.0000;0.0000;720 B;0.000
'Линейный поиск';DefaultJob;False;Default;Default;Default;Default;Default;Default;1111111111111111;Empty;RyuJit;Default;X64;8c5e7fda-e8bf-4a96-9a85-a6e23a8c635c;.NET 6.0;False;False;False;True;Default;Default;False;False;False;Default;Default;Default;Default;Default;Default;Default;Default;Default;Default;Default;Default;Default;Default;Default;Default;Default;16;Default;100000;"13,812.776 μs";95.3622 μs;74.4525 μs;1.00;0.01;3;984.3750;984.3750;984.3750;4195187 B;1.000
